student_id,learning_style,initial_skill_level,preferred_difficulty,avg_session_length,motivation_level
STU_0001,visual,beginner,hard,52.45,0.812
STU_0002,kinesthetic,beginner,easy,42.93,0.719
STU_0003,auditory,advanced,easy,41.49,0.341
STU_0004,visual,advanced,medium,41.49,0.906
STU_0005,visual,beginner,easy,68.69,0.314
STU_0006,auditory,beginner,hard,56.51,0.979
STU_0007,visual,advanced,easy,37.96,0.427
STU_0008,reading_writing,beginner,medium,53.14,0.428
STU_0009,kinesthetic,beginner,easy,48.63,0.602
STU_0010,reading_writing,intermediate,medium,16.3,0.504
STU_0011,auditory,beginner,medium,29.81,0.505
STU_0012,visual,beginner,medium,49.71,0.556
STU_0013,visual,intermediate,medium,66.98,0.44
STU_0014,kinesthetic,beginner,hard,41.61,0.66
STU_0015,reading_writing,advanced,easy,36.83,0.725
STU_0016,reading_writing,beginner,hard,46.66,0.419
STU_0017,kinesthetic,advanced,hard,35.99,0.779
STU_0018,kinesthetic,advanced,easy,40.62,0.608
STU_0019,visual,beginner,hard,44.8,0.324
STU_0020,auditory,intermediate,easy,29.13,0.937
STU_0021,auditory,beginner,medium,57.34,0.518
STU_0022,kinesthetic,intermediate,hard,26.69,0.664
STU_0023,kinesthetic,beginner,medium,25.08,0.979
STU_0024,kinesthetic,beginner,hard,47.95,0.843
STU_0025,kinesthetic,advanced,hard,56.08,0.362
STU_0026,visual,advanced,hard,47.57,0.437
STU_0027,auditory,advanced,hard,43.27,0.572
STU_0028,auditory,beginner,medium,40.48,0.49
STU_0029,reading_writing,intermediate,hard,38.09,0.497
STU_0030,auditory,advanced,medium,60.86,0.68
STU_0031,visual,beginner,easy,49.86,0.352
STU_0032,kinesthetic,intermediate,medium,39.22,0.991
STU_0033,visual,beginner,hard,34.85,0.304
STU_0034,kinesthetic,beginner,hard,54.18,0.871
STU_0035,reading_writing,intermediate,hard,60.46,0.84
STU_0036,reading_writing,beginner,medium,58.97,0.352
STU_0037,auditory,beginner,hard,32.41,0.904
STU_0038,kinesthetic,advanced,hard,40.36,0.736
STU_0039,reading_writing,advanced,medium,37.81,0.518
STU_0040,kinesthetic,beginner,easy,42.22,0.528
STU_0041,reading_writing,beginner,easy,57.19,0.921
STU_0042,visual,beginner,hard,65.34,0.631
STU_0043,auditory,advanced,medium,50.42,0.833
STU_0044,visual,intermediate,medium,35.32,0.693
STU_0045,reading_writing,advanced,medium,44.46,0.666
STU_0046,visual,advanced,hard,68.47,0.599
STU_0047,visual,advanced,hard,46.31,0.52
STU_0048,kinesthetic,advanced,medium,40.51,0.656
STU_0049,visual,intermediate,medium,41.7,0.587
STU_0050,auditory,intermediate,easy,50.36,0.829
STU_0051,kinesthetic,advanced,easy,32.87,0.951
STU_0052,visual,advanced,medium,37.47,0.866
STU_0053,auditory,beginner,medium,58.73,0.863
STU_0054,auditory,advanced,hard,49.93,0.431
STU_0055,visual,advanced,medium,46.46,0.865
STU_0056,reading_writing,beginner,easy,59.53,0.927
STU_0057,kinesthetic,intermediate,easy,34.47,0.46
STU_0058,visual,beginner,hard,40.09,0.599
STU_0059,visual,beginner,hard,49.44,0.305
STU_0060,reading_writing,beginner,hard,48.92,0.658
STU_0061,auditory,beginner,hard,23.77,0.384
STU_0062,reading_writing,advanced,easy,38.69,0.536
STU_0063,kinesthetic,advanced,hard,42.58,0.663
STU_0064,reading_writing,beginner,hard,51.06,0.792
STU_0065,auditory,advanced,medium,48.86,0.974
STU_0066,reading_writing,advanced,hard,43.88,0.476
STU_0067,kinesthetic,intermediate,hard,16.22,0.499
STU_0068,reading_writing,beginner,easy,44.6,0.326
STU_0069,auditory,beginner,medium,45.9,0.336
STU_0070,visual,advanced,hard,81.95,0.495
STU_0071,auditory,advanced,easy,42.11,0.401
STU_0072,visual,beginner,hard,49.52,0.643
STU_0073,visual,beginner,easy,62.14,0.466
STU_0074,visual,intermediate,easy,56.28,0.81
STU_0075,auditory,intermediate,hard,66.04,0.743
STU_0076,reading_writing,beginner,hard,23.97,0.675
STU_0077,auditory,advanced,hard,30.14,0.329
STU_0078,reading_writing,beginner,medium,36.51,0.714
STU_0079,reading_writing,beginner,easy,21.74,0.752
STU_0080,visual,advanced,medium,46.03,0.422
STU_0081,kinesthetic,intermediate,medium,31.21,0.956
STU_0082,reading_writing,advanced,easy,68.25,0.396
STU_0083,visual,beginner,medium,33.25,0.947
STU_0084,kinesthetic,beginner,easy,40.17,0.914
STU_0085,auditory,beginner,hard,57.2,0.872
STU_0086,reading_writing,beginner,medium,26.54,0.689
STU_0087,auditory,intermediate,medium,20.89,0.365
STU_0088,auditory,beginner,medium,47.77,0.928
STU_0089,visual,beginner,hard,48.9,0.537
STU_0090,visual,beginner,easy,56.73,0.544
STU_0091,auditory,intermediate,medium,52.83,0.921
STU_0092,reading_writing,beginner,medium,49.45,0.846
STU_0093,visual,beginner,medium,34.8,0.413
STU_0094,visual,intermediate,medium,48.48,0.929
STU_0095,reading_writing,intermediate,medium,49.4,0.304
STU_0096,reading_writing,beginner,easy,34.28,0.413
STU_0097,kinesthetic,beginner,easy,72.99,0.756
STU_0098,visual,advanced,medium,52.11,0.457
STU_0099,visual,beginner,hard,30.38,0.528
STU_0100,reading_writing,advanced,hard,56.81,0.823
STU_0101,auditory,beginner,hard,59.45,0.76
STU_0102,visual,beginner,easy,51.19,0.698
STU_0103,visual,advanced,easy,41.32,0.486
STU_0104,reading_writing,beginner,hard,33.69,0.471
STU_0105,auditory,advanced,hard,43.84,0.924
STU_0106,visual,advanced,easy,50.12,0.742
STU_0107,reading_writing,advanced,hard,45.2,0.704
STU_0108,kinesthetic,intermediate,easy,66.8,0.645
STU_0109,kinesthetic,beginner,medium,54.39,0.497
STU_0110,reading_writing,beginner,hard,32.14,0.317
STU_0111,kinesthetic,intermediate,medium,28.94,0.958
STU_0112,visual,beginner,medium,52.24,0.968
STU_0113,visual,beginner,hard,41.65,0.311
STU_0114,auditory,advanced,medium,55.71,0.95
STU_0115,auditory,intermediate,easy,52.1,0.975
STU_0116,auditory,intermediate,medium,43.91,0.897
STU_0117,auditory,intermediate,hard,32.3,0.896
STU_0118,kinesthetic,advanced,hard,22.28,0.522
STU_0119,visual,advanced,hard,48.21,0.955
STU_0120,kinesthetic,advanced,easy,26.31,0.787
STU_0121,auditory,intermediate,easy,31.74,0.731
STU_0122,visual,advanced,hard,47.31,0.993
STU_0123,auditory,intermediate,medium,45.87,0.914
STU_0124,auditory,advanced,medium,27.86,0.819
STU_0125,auditory,advanced,hard,61.25,0.552
STU_0126,kinesthetic,advanced,medium,60.81,0.506
STU_0127,kinesthetic,beginner,easy,52.73,0.907
STU_0128,reading_writing,intermediate,easy,52.71,0.939
STU_0129,visual,intermediate,easy,52.73,0.859
STU_0130,kinesthetic,beginner,hard,102.79,0.755
STU_0131,reading_writing,advanced,hard,59.31,0.923
STU_0132,reading_writing,advanced,easy,54.77,0.537
STU_0133,visual,beginner,hard,33.41,0.705
STU_0134,auditory,advanced,easy,41.45,0.325
STU_0135,kinesthetic,advanced,hard,79.72,0.501
STU_0136,auditory,intermediate,easy,16.99,0.714
STU_0137,visual,intermediate,medium,37.92,0.389
STU_0138,visual,intermediate,easy,61.33,0.666
STU_0139,auditory,advanced,easy,34.27,0.736
STU_0140,kinesthetic,advanced,medium,55.19,0.36
STU_0141,auditory,beginner,easy,45.68,0.678
STU_0142,auditory,intermediate,easy,35.23,0.746
STU_0143,auditory,advanced,medium,14.62,0.857
STU_0144,reading_writing,advanced,hard,47.8,0.49
STU_0145,auditory,intermediate,easy,33.11,0.318
STU_0146,visual,intermediate,easy,43.28,0.974
STU_0147,reading_writing,beginner,easy,52.57,0.586
STU_0148,reading_writing,intermediate,medium,57.99,0.421
STU_0149,auditory,beginner,easy,37.88,0.684
STU_0150,auditory,intermediate,medium,35.2,0.8
STU_0151,kinesthetic,beginner,medium,26.09,0.968
STU_0152,kinesthetic,advanced,hard,58.77,0.817
STU_0153,reading_writing,advanced,hard,76.83,0.594
STU_0154,kinesthetic,beginner,easy,60.49,0.473
STU_0155,kinesthetic,beginner,hard,64.0,0.31
STU_0156,kinesthetic,beginner,easy,34.38,0.381
STU_0157,reading_writing,intermediate,hard,51.66,0.632
STU_0158,kinesthetic,intermediate,hard,56.62,0.368
STU_0159,visual,intermediate,hard,-3.62,0.421
STU_0160,auditory,intermediate,easy,29.63,0.604
STU_0161,reading_writing,beginner,hard,69.49,0.745
STU_0162,auditory,intermediate,medium,23.55,0.332
STU_0163,visual,advanced,medium,66.62,0.652
STU_0164,kinesthetic,advanced,easy,23.46,0.9
STU_0165,kinesthetic,advanced,medium,30.28,0.349
STU_0166,reading_writing,intermediate,medium,51.93,0.75
STU_0167,kinesthetic,advanced,easy,46.05,0.958
STU_0168,auditory,intermediate,hard,39.22,0.703
STU_0169,reading_writing,advanced,hard,68.79,0.621
STU_0170,auditory,advanced,hard,26.43,0.682
STU_0171,kinesthetic,intermediate,hard,42.72,0.973
STU_0172,visual,intermediate,medium,53.82,0.934
STU_0173,auditory,intermediate,hard,49.21,0.35
STU_0174,kinesthetic,intermediate,medium,35.66,0.523
STU_0175,reading_writing,advanced,easy,36.16,0.383
STU_0176,reading_writing,advanced,easy,57.74,0.788
STU_0177,visual,intermediate,hard,58.49,0.815
STU_0178,kinesthetic,beginner,easy,49.61,0.862
STU_0179,kinesthetic,beginner,easy,32.57,0.825
STU_0180,auditory,beginner,easy,36.6,0.865
STU_0181,auditory,intermediate,hard,44.69,0.56
STU_0182,visual,intermediate,medium,46.76,0.843
STU_0183,auditory,advanced,hard,53.21,0.901
STU_0184,reading_writing,intermediate,medium,41.97,0.6
STU_0185,auditory,beginner,hard,57.38,0.372
STU_0186,visual,beginner,medium,57.2,0.932
STU_0187,auditory,beginner,hard,64.58,0.524
STU_0188,reading_writing,beginner,hard,45.32,0.927
STU_0189,auditory,beginner,medium,49.86,0.965
STU_0190,auditory,intermediate,hard,43.05,0.701
STU_0191,kinesthetic,intermediate,hard,32.73,0.505
STU_0192,reading_writing,advanced,medium,76.39,0.53
STU_0193,auditory,advanced,medium,62.37,0.854
STU_0194,reading_writing,intermediate,easy,56.87,0.853
STU_0195,kinesthetic,advanced,medium,44.82,0.34
STU_0196,auditory,intermediate,medium,31.54,0.685
STU_0197,visual,advanced,medium,59.63,0.546
STU_0198,auditory,intermediate,medium,42.79,0.382
STU_0199,kinesthetic,advanced,easy,51.19,0.733
STU_0200,auditory,beginner,easy,36.54,0.371
STU_0201,reading_writing,advanced,easy,48.67,0.351
STU_0202,auditory,beginner,medium,37.4,0.875
STU_0203,reading_writing,intermediate,hard,37.93,0.359
STU_0204,reading_writing,intermediate,easy,48.48,0.991
STU_0205,auditory,intermediate,medium,23.28,0.869
STU_0206,visual,advanced,medium,23.89,0.963
STU_0207,reading_writing,beginner,medium,34.22,0.844
STU_0208,kinesthetic,intermediate,medium,41.8,0.691
STU_0209,auditory,intermediate,easy,57.86,0.378
STU_0210,kinesthetic,intermediate,medium,42.6,0.645
STU_0211,visual,intermediate,medium,44.72,0.339
STU_0212,reading_writing,advanced,easy,40.67,0.383
STU_0213,reading_writing,beginner,hard,49.84,0.822
STU_0214,visual,intermediate,hard,32.59,0.708
STU_0215,visual,beginner,hard,43.37,0.5
STU_0216,reading_writing,beginner,medium,51.03,0.908
STU_0217,auditory,beginner,medium,48.36,0.352
STU_0218,reading_writing,intermediate,easy,45.19,0.688
STU_0219,reading_writing,intermediate,medium,45.37,0.741
STU_0220,reading_writing,intermediate,medium,52.47,0.787
STU_0221,kinesthetic,beginner,medium,77.3,0.709
STU_0222,visual,advanced,hard,33.49,0.931
STU_0223,visual,intermediate,easy,77.85,0.494
STU_0224,visual,advanced,easy,32.88,0.432
STU_0225,visual,beginner,easy,13.14,0.709
STU_0226,visual,advanced,easy,37.11,0.354
STU_0227,auditory,beginner,medium,50.13,0.517
STU_0228,visual,advanced,easy,73.14,0.87
STU_0229,reading_writing,advanced,medium,31.52,0.938
STU_0230,kinesthetic,beginner,hard,52.38,0.876
STU_0231,visual,beginner,medium,25.2,0.953
STU_0232,visual,advanced,easy,72.47,0.906
STU_0233,kinesthetic,advanced,hard,62.69,0.991
STU_0234,reading_writing,intermediate,hard,37.96,0.405
STU_0235,auditory,beginner,hard,19.3,0.979
STU_0236,auditory,beginner,hard,65.31,0.889
STU_0237,kinesthetic,advanced,hard,43.28,0.59
STU_0238,visual,advanced,easy,63.57,0.491
STU_0239,kinesthetic,advanced,medium,45.08,0.838
STU_0240,kinesthetic,beginner,hard,45.7,0.961
STU_0241,kinesthetic,beginner,medium,38.25,0.615
STU_0242,reading_writing,beginner,medium,54.34,0.39
STU_0243,kinesthetic,advanced,medium,46.8,0.46
STU_0244,auditory,intermediate,easy,52.72,0.77
STU_0245,kinesthetic,advanced,hard,21.99,0.379
STU_0246,reading_writing,intermediate,medium,64.17,0.77
STU_0247,kinesthetic,intermediate,easy,68.27,0.664
STU_0248,visual,intermediate,medium,46.74,0.897
STU_0249,auditory,intermediate,hard,75.91,0.914
STU_0250,reading_writing,intermediate,easy,71.33,0.582
STU_0251,reading_writing,intermediate,easy,54.68,0.793
STU_0252,reading_writing,beginner,medium,65.53,0.449
STU_0253,kinesthetic,intermediate,medium,60.88,0.575
STU_0254,kinesthetic,advanced,easy,18.62,0.606
STU_0255,auditory,beginner,easy,40.96,0.66
STU_0256,reading_writing,intermediate,hard,55.76,0.849
STU_0257,auditory,advanced,medium,69.43,0.904
STU_0258,reading_writing,intermediate,easy,24.3,0.965
STU_0259,visual,intermediate,easy,19.45,0.621
STU_0260,reading_writing,advanced,easy,44.17,0.986
STU_0261,kinesthetic,advanced,hard,13.99,0.743
STU_0262,kinesthetic,intermediate,hard,43.66,0.468
STU_0263,kinesthetic,intermediate,hard,50.5,0.427
STU_0264,kinesthetic,intermediate,hard,30.9,0.542
STU_0265,reading_writing,intermediate,medium,44.06,0.767
STU_0266,kinesthetic,beginner,easy,59.33,0.421
STU_0267,auditory,intermediate,easy,37.05,0.424
STU_0268,auditory,beginner,easy,33.11,0.362
STU_0269,reading_writing,intermediate,hard,43.39,0.444
STU_0270,kinesthetic,beginner,easy,29.47,0.555
STU_0271,kinesthetic,beginner,medium,74.47,0.328
STU_0272,auditory,intermediate,easy,45.53,0.86
STU_0273,auditory,intermediate,easy,34.5,0.912
STU_0274,visual,advanced,medium,48.21,0.945
STU_0275,auditory,advanced,medium,43.32,0.864
STU_0276,visual,beginner,hard,41.69,0.824
STU_0277,kinesthetic,intermediate,medium,37.04,0.559
STU_0278,reading_writing,intermediate,easy,36.36,0.639
STU_0279,visual,intermediate,medium,22.27,0.624
STU_0280,visual,beginner,medium,65.5,0.823
STU_0281,reading_writing,beginner,hard,53.65,0.658
STU_0282,visual,beginner,easy,49.67,0.672
STU_0283,kinesthetic,beginner,easy,43.08,0.673
STU_0284,visual,advanced,medium,30.67,0.47
STU_0285,auditory,advanced,medium,33.65,0.314
STU_0286,reading_writing,intermediate,medium,23.67,0.525
STU_0287,reading_writing,intermediate,hard,35.3,0.384
STU_0288,visual,advanced,hard,28.78,0.923
STU_0289,visual,beginner,hard,70.31,0.852
STU_0290,auditory,intermediate,hard,58.22,0.649
STU_0291,visual,beginner,easy,46.16,0.711
STU_0292,auditory,advanced,easy,32.08,0.822
STU_0293,auditory,beginner,medium,29.44,0.499
STU_0294,reading_writing,advanced,hard,42.14,0.554
STU_0295,reading_writing,intermediate,easy,58.89,0.549
STU_0296,auditory,intermediate,hard,73.64,0.991
STU_0297,kinesthetic,advanced,medium,24.02,0.371
STU_0298,visual,advanced,easy,53.44,0.407
STU_0299,kinesthetic,advanced,hard,35.24,0.431
STU_0300,auditory,intermediate,easy,37.69,0.5
STU_0301,auditory,advanced,easy,45.73,0.587
STU_0302,kinesthetic,beginner,easy,32.54,0.988
STU_0303,visual,beginner,medium,41.42,0.979
STU_0304,kinesthetic,intermediate,easy,31.39,0.906
STU_0305,reading_writing,advanced,medium,36.35,0.42
STU_0306,reading_writing,intermediate,hard,56.33,0.768
STU_0307,reading_writing,intermediate,easy,46.49,0.7
STU_0308,visual,intermediate,hard,56.27,0.496
STU_0309,kinesthetic,advanced,medium,35.06,0.527
STU_0310,visual,beginner,easy,53.56,0.598
STU_0311,visual,advanced,medium,20.59,0.38
STU_0312,visual,beginner,medium,45.72,0.727
STU_0313,reading_writing,intermediate,easy,54.58,0.408
STU_0314,reading_writing,advanced,medium,20.08,0.637
STU_0315,visual,intermediate,medium,35.22,0.536
STU_0316,reading_writing,intermediate,medium,45.71,0.394
STU_0317,visual,beginner,medium,60.09,0.478
STU_0318,reading_writing,advanced,medium,36.35,0.777
STU_0319,kinesthetic,advanced,medium,52.95,0.63
STU_0320,visual,intermediate,easy,66.62,0.588
STU_0321,kinesthetic,intermediate,medium,53.66,0.881
STU_0322,visual,intermediate,hard,41.95,0.976
STU_0323,visual,advanced,hard,50.57,0.957
STU_0324,reading_writing,intermediate,easy,35.94,0.427
STU_0325,auditory,advanced,medium,46.3,0.702
STU_0326,reading_writing,advanced,medium,42.66,0.889
STU_0327,visual,beginner,medium,50.06,0.441
STU_0328,auditory,intermediate,medium,38.82,0.415
STU_0329,reading_writing,beginner,easy,50.92,0.766
STU_0330,auditory,advanced,easy,38.69,0.666
STU_0331,kinesthetic,advanced,easy,58.07,0.575
STU_0332,reading_writing,beginner,easy,40.11,0.872
STU_0333,visual,intermediate,easy,14.43,0.624
STU_0334,auditory,intermediate,hard,29.88,0.511
STU_0335,kinesthetic,advanced,hard,45.28,0.463
STU_0336,kinesthetic,intermediate,medium,70.15,0.93
STU_0337,reading_writing,beginner,medium,57.44,0.935
STU_0338,auditory,intermediate,easy,11.83,0.737
STU_0339,auditory,beginner,medium,22.82,0.397
STU_0340,reading_writing,intermediate,hard,62.16,0.856
STU_0341,kinesthetic,beginner,medium,54.49,0.926
STU_0342,kinesthetic,advanced,hard,79.06,0.852
STU_0343,reading_writing,beginner,medium,38.11,0.474
STU_0344,reading_writing,intermediate,medium,32.25,0.821
STU_0345,reading_writing,intermediate,medium,46.07,0.834
STU_0346,auditory,advanced,easy,37.84,0.914
STU_0347,reading_writing,beginner,medium,60.56,0.377
STU_0348,visual,intermediate,hard,37.35,0.893
STU_0349,reading_writing,advanced,medium,40.95,0.858
STU_0350,reading_writing,advanced,hard,30.32,0.405
STU_0351,auditory,intermediate,easy,56.35,0.804
STU_0352,auditory,advanced,hard,31.17,0.749
STU_0353,kinesthetic,beginner,medium,51.2,0.476
STU_0354,visual,advanced,medium,73.15,0.542
STU_0355,visual,advanced,easy,18.32,0.623
STU_0356,reading_writing,advanced,easy,67.44,0.963
STU_0357,visual,intermediate,medium,49.2,0.654
STU_0358,kinesthetic,advanced,hard,28.12,0.728
STU_0359,reading_writing,advanced,easy,46.64,0.788
STU_0360,kinesthetic,advanced,hard,55.89,0.946
STU_0361,reading_writing,intermediate,hard,33.14,0.703
STU_0362,reading_writing,advanced,easy,52.07,0.725
STU_0363,visual,beginner,hard,68.9,0.954
STU_0364,kinesthetic,beginner,hard,37.33,0.948
STU_0365,visual,intermediate,easy,30.16,0.989
STU_0366,visual,intermediate,easy,43.11,0.887
STU_0367,kinesthetic,beginner,easy,45.84,0.714
STU_0368,kinesthetic,beginner,medium,61.41,0.579
STU_0369,kinesthetic,intermediate,medium,42.63,0.862
STU_0370,auditory,beginner,hard,38.6,0.303
STU_0371,reading_writing,advanced,hard,29.82,0.676
STU_0372,auditory,beginner,easy,20.18,0.944
STU_0373,visual,advanced,medium,25.65,0.816
STU_0374,auditory,intermediate,hard,25.57,0.617
STU_0375,auditory,beginner,medium,41.11,0.399
STU_0376,kinesthetic,intermediate,medium,22.45,0.423
STU_0377,visual,intermediate,medium,4.55,0.94
STU_0378,auditory,beginner,medium,44.19,0.554
STU_0379,kinesthetic,advanced,medium,72.73,0.309
STU_0380,reading_writing,advanced,medium,61.9,0.764
STU_0381,reading_writing,intermediate,easy,40.97,0.36
STU_0382,reading_writing,intermediate,easy,28.4,0.998
STU_0383,auditory,intermediate,hard,83.6,0.347
STU_0384,kinesthetic,advanced,medium,45.89,0.825
STU_0385,kinesthetic,beginner,hard,47.97,0.444
STU_0386,reading_writing,intermediate,easy,42.83,0.433
STU_0387,visual,advanced,hard,44.51,0.695
STU_0388,reading_writing,intermediate,easy,36.85,0.346
STU_0389,kinesthetic,beginner,hard,41.18,0.667
STU_0390,auditory,advanced,medium,67.56,0.609
STU_0391,auditory,advanced,easy,63.69,0.409
STU_0392,visual,intermediate,medium,13.9,0.427
STU_0393,visual,advanced,medium,23.89,0.751
STU_0394,auditory,beginner,medium,33.33,0.586
STU_0395,kinesthetic,advanced,medium,59.04,0.319
STU_0396,auditory,beginner,easy,64.07,0.455
STU_0397,kinesthetic,advanced,hard,55.83,0.314
STU_0398,kinesthetic,beginner,medium,28.06,0.373
STU_0399,reading_writing,intermediate,hard,37.13,0.757
STU_0400,kinesthetic,beginner,medium,52.34,0.467
STU_0401,visual,beginner,easy,41.4,0.806
STU_0402,reading_writing,advanced,medium,39.38,0.899
STU_0403,visual,intermediate,easy,39.59,0.768
STU_0404,kinesthetic,advanced,easy,62.39,0.443
STU_0405,reading_writing,intermediate,hard,53.9,0.309
STU_0406,kinesthetic,advanced,medium,40.36,0.36
STU_0407,kinesthetic,beginner,hard,49.89,0.595
STU_0408,auditory,intermediate,easy,26.23,0.925
STU_0409,kinesthetic,advanced,easy,37.16,0.482
STU_0410,visual,advanced,medium,60.74,0.566
STU_0411,kinesthetic,advanced,medium,21.65,0.737
STU_0412,visual,beginner,easy,54.09,0.587
STU_0413,visual,intermediate,medium,13.77,0.506
STU_0414,visual,beginner,easy,70.45,0.964
STU_0415,auditory,intermediate,medium,36.83,0.908
STU_0416,kinesthetic,advanced,hard,50.99,0.641
STU_0417,reading_writing,advanced,hard,46.71,0.598
STU_0418,auditory,intermediate,hard,47.25,0.316
STU_0419,visual,intermediate,hard,49.62,0.743
STU_0420,reading_writing,intermediate,easy,19.35,0.481
STU_0421,kinesthetic,beginner,medium,47.56,0.989
STU_0422,reading_writing,beginner,medium,42.24,0.668
STU_0423,visual,advanced,medium,36.9,0.313
STU_0424,kinesthetic,beginner,medium,33.33,0.94
STU_0425,kinesthetic,beginner,easy,47.94,0.492
STU_0426,reading_writing,beginner,hard,30.32,0.688
STU_0427,auditory,advanced,hard,60.44,0.444
STU_0428,visual,beginner,medium,52.09,0.308
STU_0429,auditory,beginner,hard,48.84,0.72
STU_0430,auditory,beginner,hard,59.74,0.766
STU_0431,auditory,advanced,easy,17.39,0.663
STU_0432,auditory,intermediate,easy,25.81,0.333
STU_0433,visual,intermediate,easy,52.76,0.358
STU_0434,auditory,advanced,medium,34.11,0.722
STU_0435,auditory,beginner,hard,35.83,0.502
STU_0436,visual,beginner,easy,23.9,0.549
STU_0437,kinesthetic,beginner,hard,30.36,0.696
STU_0438,kinesthetic,beginner,easy,60.8,0.633
STU_0439,kinesthetic,beginner,easy,52.4,0.813
STU_0440,reading_writing,advanced,easy,47.77,0.45
STU_0441,visual,intermediate,medium,36.37,0.647
STU_0442,kinesthetic,advanced,hard,46.83,0.718
STU_0443,visual,intermediate,hard,62.24,0.375
STU_0444,auditory,advanced,easy,34.45,0.353
STU_0445,kinesthetic,intermediate,hard,44.48,0.782
STU_0446,visual,beginner,medium,71.56,0.604
STU_0447,reading_writing,intermediate,hard,55.62,0.86
STU_0448,visual,intermediate,hard,36.56,0.786
STU_0449,reading_writing,beginner,easy,54.33,0.553
STU_0450,kinesthetic,advanced,easy,21.45,0.364
STU_0451,visual,beginner,medium,43.88,0.43
STU_0452,kinesthetic,intermediate,hard,54.31,0.679
STU_0453,kinesthetic,intermediate,hard,50.7,0.865
STU_0454,reading_writing,beginner,hard,54.16,0.761
STU_0455,visual,advanced,hard,57.51,0.475
STU_0456,auditory,intermediate,medium,51.89,0.643
STU_0457,auditory,intermediate,medium,51.44,0.426
STU_0458,reading_writing,intermediate,medium,48.12,0.698
STU_0459,visual,intermediate,medium,28.78,0.947
STU_0460,kinesthetic,advanced,medium,60.8,0.98
STU_0461,kinesthetic,beginner,hard,44.41,0.903
STU_0462,reading_writing,beginner,easy,55.22,0.891
STU_0463,visual,beginner,medium,59.07,0.326
STU_0464,visual,advanced,hard,37.26,0.717
STU_0465,kinesthetic,beginner,hard,38.48,0.354
STU_0466,visual,advanced,hard,40.36,0.787
STU_0467,kinesthetic,advanced,easy,63.84,0.346
STU_0468,reading_writing,intermediate,hard,31.58,0.521
STU_0469,reading_writing,advanced,easy,66.7,0.523
STU_0470,kinesthetic,advanced,medium,47.95,0.738
STU_0471,kinesthetic,beginner,hard,49.01,0.463
STU_0472,auditory,beginner,hard,58.34,0.317
STU_0473,reading_writing,beginner,easy,46.23,0.957
STU_0474,kinesthetic,advanced,medium,60.98,0.859
STU_0475,visual,intermediate,hard,37.24,0.636
STU_0476,auditory,intermediate,hard,66.14,0.739
STU_0477,visual,advanced,hard,38.32,0.595
STU_0478,kinesthetic,beginner,easy,66.8,0.816
STU_0479,kinesthetic,advanced,medium,38.7,0.548
STU_0480,kinesthetic,intermediate,easy,40.77,0.501
STU_0481,auditory,beginner,hard,29.94,0.329
STU_0482,reading_writing,beginner,easy,33.48,0.313
STU_0483,visual,beginner,hard,44.48,0.569
STU_0484,auditory,intermediate,medium,48.51,0.776
STU_0485,reading_writing,intermediate,easy,59.76,0.961
STU_0486,kinesthetic,intermediate,hard,41.79,0.627
STU_0487,kinesthetic,advanced,hard,28.16,0.994
STU_0488,visual,beginner,easy,50.74,0.462
STU_0489,auditory,advanced,easy,47.5,0.725
STU_0490,visual,intermediate,medium,52.39,0.659
STU_0491,reading_writing,intermediate,hard,35.43,0.454
STU_0492,reading_writing,intermediate,medium,37.04,0.431
STU_0493,auditory,advanced,easy,35.44,0.34
STU_0494,kinesthetic,intermediate,easy,62.84,0.978
STU_0495,kinesthetic,advanced,hard,66.31,0.787
STU_0496,reading_writing,advanced,hard,36.44,0.408
STU_0497,kinesthetic,beginner,easy,36.72,0.457
STU_0498,reading_writing,advanced,easy,54.49,0.676
STU_0499,visual,beginner,medium,68.21,0.364
STU_0500,auditory,beginner,medium,71.94,0.914
STU_0501,kinesthetic,intermediate,easy,35.81,0.922
STU_0502,visual,intermediate,hard,39.18,0.969
STU_0503,reading_writing,beginner,easy,49.29,0.759
STU_0504,reading_writing,advanced,hard,50.02,0.686
STU_0505,auditory,advanced,hard,42.35,0.561
STU_0506,kinesthetic,beginner,medium,33.03,0.482
STU_0507,visual,intermediate,easy,44.5,0.357
STU_0508,reading_writing,beginner,medium,71.92,0.454
STU_0509,reading_writing,advanced,medium,37.24,0.896
STU_0510,reading_writing,intermediate,easy,48.36,0.647
STU_0511,reading_writing,beginner,medium,82.9,0.877
STU_0512,auditory,advanced,medium,37.04,0.543
STU_0513,kinesthetic,beginner,medium,55.23,0.487
STU_0514,visual,beginner,medium,72.7,0.915
STU_0515,reading_writing,advanced,easy,53.86,0.895
STU_0516,reading_writing,intermediate,hard,61.63,0.907
STU_0517,kinesthetic,beginner,medium,57.31,0.788
STU_0518,auditory,beginner,hard,52.61,0.776
STU_0519,visual,advanced,hard,65.73,0.411
STU_0520,auditory,intermediate,medium,54.73,0.917
STU_0521,auditory,beginner,easy,42.49,0.535
STU_0522,auditory,intermediate,easy,47.2,0.82
STU_0523,auditory,advanced,easy,50.53,0.882
STU_0524,visual,beginner,hard,39.1,0.655
STU_0525,reading_writing,intermediate,hard,47.87,0.742
STU_0526,reading_writing,advanced,hard,45.7,0.482
STU_0527,kinesthetic,advanced,medium,54.68,0.846
STU_0528,auditory,intermediate,easy,77.45,0.375
STU_0529,reading_writing,intermediate,hard,48.74,0.974
STU_0530,kinesthetic,intermediate,hard,68.66,0.539
STU_0531,visual,intermediate,hard,54.12,0.372
STU_0532,visual,intermediate,medium,47.8,0.956
STU_0533,reading_writing,beginner,easy,38.3,0.511
STU_0534,kinesthetic,intermediate,easy,47.91,0.796
STU_0535,visual,advanced,hard,46.99,0.542
STU_0536,reading_writing,intermediate,hard,34.5,0.735
STU_0537,visual,intermediate,hard,36.62,0.831
STU_0538,auditory,intermediate,hard,50.66,0.317
STU_0539,reading_writing,advanced,easy,68.48,0.778
STU_0540,visual,intermediate,easy,44.01,0.612
STU_0541,kinesthetic,advanced,easy,23.28,0.415
STU_0542,auditory,beginner,easy,12.02,0.856
STU_0543,reading_writing,intermediate,hard,29.68,0.358
STU_0544,auditory,intermediate,medium,55.63,0.776
STU_0545,kinesthetic,intermediate,medium,25.8,0.966
STU_0546,kinesthetic,advanced,hard,58.09,0.406
STU_0547,visual,advanced,hard,54.75,0.594
STU_0548,kinesthetic,beginner,medium,43.51,0.747
STU_0549,visual,advanced,hard,22.12,0.989
STU_0550,reading_writing,intermediate,medium,34.62,0.587
STU_0551,auditory,intermediate,easy,41.38,0.449
STU_0552,auditory,intermediate,medium,50.28,0.322
STU_0553,reading_writing,beginner,hard,26.23,0.905
STU_0554,visual,intermediate,hard,66.66,0.631
STU_0555,reading_writing,advanced,medium,50.14,0.84
STU_0556,auditory,advanced,hard,51.85,0.891
STU_0557,visual,advanced,hard,54.64,0.392
STU_0558,reading_writing,advanced,medium,64.94,0.323
STU_0559,visual,intermediate,medium,47.95,0.858
STU_0560,auditory,beginner,medium,55.64,0.637
STU_0561,reading_writing,beginner,easy,34.85,0.44
STU_0562,auditory,beginner,easy,72.01,0.644
STU_0563,kinesthetic,beginner,hard,46.92,0.488
STU_0564,visual,advanced,medium,34.78,0.858
STU_0565,auditory,advanced,medium,38.31,0.308
STU_0566,auditory,beginner,easy,16.66,0.351
STU_0567,auditory,advanced,medium,38.22,0.72
STU_0568,visual,intermediate,medium,8.64,0.504
STU_0569,auditory,intermediate,hard,56.79,0.846
STU_0570,kinesthetic,advanced,medium,51.38,0.328
STU_0571,auditory,advanced,easy,30.5,0.469
STU_0572,kinesthetic,intermediate,easy,44.28,0.991
STU_0573,kinesthetic,advanced,hard,44.95,0.733
STU_0574,reading_writing,intermediate,medium,27.62,0.792
STU_0575,reading_writing,advanced,hard,41.69,0.529
STU_0576,reading_writing,beginner,easy,45.4,0.662
STU_0577,auditory,intermediate,easy,41.29,0.323
STU_0578,reading_writing,intermediate,hard,34.77,0.355
STU_0579,visual,advanced,hard,29.98,0.697
STU_0580,visual,intermediate,easy,40.78,0.783
STU_0581,auditory,intermediate,medium,36.43,0.417
STU_0582,auditory,intermediate,easy,53.59,0.373
STU_0583,auditory,intermediate,medium,65.99,0.322
STU_0584,visual,intermediate,easy,58.87,0.955
STU_0585,reading_writing,advanced,medium,45.89,0.796
STU_0586,auditory,intermediate,easy,35.3,0.91
STU_0587,kinesthetic,beginner,easy,58.43,0.538
STU_0588,kinesthetic,beginner,hard,54.53,0.87
STU_0589,kinesthetic,beginner,easy,64.76,0.617
STU_0590,visual,intermediate,medium,47.96,0.751
STU_0591,auditory,advanced,medium,71.04,0.357
STU_0592,reading_writing,advanced,easy,47.97,0.342
STU_0593,visual,beginner,medium,35.23,0.91
STU_0594,auditory,beginner,hard,37.74,0.453
STU_0595,reading_writing,beginner,medium,52.84,0.761
STU_0596,auditory,intermediate,easy,36.39,0.649
STU_0597,visual,beginner,medium,70.91,0.46
STU_0598,reading_writing,beginner,easy,51.54,0.997
STU_0599,reading_writing,advanced,hard,45.57,0.44
STU_0600,visual,advanced,hard,46.8,0.776
STU_0601,auditory,advanced,easy,41.14,0.908
STU_0602,kinesthetic,intermediate,easy,19.97,0.809
STU_0603,kinesthetic,beginner,hard,37.75,0.542
STU_0604,reading_writing,beginner,hard,68.61,0.56
STU_0605,visual,advanced,medium,48.37,0.607
STU_0606,visual,advanced,hard,60.71,0.808
STU_0607,visual,intermediate,medium,61.18,0.93
STU_0608,visual,advanced,medium,44.42,0.595
STU_0609,kinesthetic,intermediate,hard,54.78,0.939
STU_0610,visual,intermediate,easy,21.35,0.447
STU_0611,kinesthetic,beginner,hard,67.15,0.813
STU_0612,visual,advanced,hard,65.7,0.392
STU_0613,kinesthetic,beginner,easy,52.41,0.426
STU_0614,kinesthetic,advanced,medium,48.91,0.466
STU_0615,auditory,advanced,medium,44.62,0.473
STU_0616,reading_writing,advanced,easy,62.59,0.91
STU_0617,auditory,beginner,hard,56.58,0.551
STU_0618,reading_writing,beginner,medium,2.27,0.715
STU_0619,auditory,beginner,easy,39.56,0.979
STU_0620,visual,intermediate,medium,28.2,0.481
STU_0621,reading_writing,advanced,medium,25.58,0.841
STU_0622,kinesthetic,beginner,hard,62.41,0.392
STU_0623,auditory,intermediate,medium,44.3,0.465
STU_0624,visual,advanced,medium,52.16,0.351
STU_0625,kinesthetic,beginner,medium,46.15,0.536
STU_0626,reading_writing,intermediate,hard,25.76,0.88
STU_0627,reading_writing,intermediate,medium,21.65,0.732
STU_0628,auditory,intermediate,hard,38.58,0.795
STU_0629,reading_writing,intermediate,hard,39.77,0.326
STU_0630,kinesthetic,beginner,hard,39.76,0.815
STU_0631,reading_writing,beginner,medium,40.18,0.891
STU_0632,auditory,advanced,medium,76.15,0.864
STU_0633,kinesthetic,beginner,easy,60.45,0.444
STU_0634,kinesthetic,advanced,medium,48.58,0.378
STU_0635,kinesthetic,intermediate,hard,43.93,0.672
STU_0636,reading_writing,beginner,hard,44.44,0.956
STU_0637,reading_writing,intermediate,medium,55.99,0.521
STU_0638,visual,advanced,medium,43.79,0.655
STU_0639,reading_writing,intermediate,hard,58.74,0.618
STU_0640,visual,beginner,hard,50.2,0.661
STU_0641,reading_writing,intermediate,hard,76.33,0.398
STU_0642,auditory,beginner,easy,42.91,0.321
STU_0643,reading_writing,beginner,easy,61.62,0.441
STU_0644,visual,beginner,hard,29.4,0.771
STU_0645,kinesthetic,intermediate,medium,35.64,0.908
STU_0646,visual,advanced,easy,73.71,0.424
STU_0647,reading_writing,intermediate,medium,58.05,0.961
STU_0648,reading_writing,beginner,hard,52.44,0.778
STU_0649,auditory,advanced,medium,81.05,0.908
STU_0650,reading_writing,intermediate,hard,44.14,0.699
STU_0651,kinesthetic,beginner,easy,61.58,0.451
STU_0652,visual,advanced,easy,62.81,0.761
STU_0653,reading_writing,advanced,medium,69.5,0.375
STU_0654,visual,intermediate,medium,27.8,0.76
STU_0655,reading_writing,beginner,hard,44.04,0.91
STU_0656,kinesthetic,advanced,medium,49.93,0.848
STU_0657,auditory,beginner,easy,69.21,0.915
STU_0658,visual,intermediate,easy,51.8,0.583
STU_0659,reading_writing,beginner,hard,62.84,0.865
STU_0660,kinesthetic,advanced,medium,26.59,0.834
STU_0661,visual,advanced,hard,40.54,0.872
STU_0662,kinesthetic,intermediate,easy,65.64,0.384
STU_0663,auditory,intermediate,hard,42.4,0.527
STU_0664,auditory,beginner,easy,45.23,0.557
STU_0665,auditory,beginner,medium,68.92,0.572
STU_0666,visual,intermediate,hard,32.3,0.614
STU_0667,kinesthetic,intermediate,hard,35.42,0.459
STU_0668,auditory,advanced,easy,25.15,0.351
STU_0669,visual,intermediate,medium,69.63,0.734
STU_0670,reading_writing,advanced,medium,60.15,0.624
STU_0671,reading_writing,advanced,easy,59.73,0.663
STU_0672,auditory,intermediate,hard,40.13,0.635
STU_0673,visual,intermediate,medium,24.16,0.706
STU_0674,kinesthetic,beginner,hard,20.32,0.674
STU_0675,auditory,beginner,medium,65.76,0.869
STU_0676,visual,beginner,hard,53.46,0.803
STU_0677,auditory,intermediate,easy,56.38,0.47
STU_0678,auditory,intermediate,hard,49.22,0.949
STU_0679,auditory,intermediate,hard,33.69,0.64
STU_0680,kinesthetic,beginner,medium,40.79,0.48
STU_0681,auditory,advanced,hard,30.17,0.862
STU_0682,kinesthetic,beginner,hard,28.45,0.677
STU_0683,kinesthetic,advanced,hard,58.77,0.801
STU_0684,visual,advanced,hard,21.44,0.491
STU_0685,auditory,advanced,hard,30.26,0.427
STU_0686,auditory,beginner,hard,41.63,0.777
STU_0687,kinesthetic,advanced,easy,46.58,0.796
STU_0688,visual,beginner,easy,24.99,0.375
STU_0689,kinesthetic,advanced,easy,21.11,0.974
STU_0690,reading_writing,advanced,hard,51.61,0.638
STU_0691,visual,intermediate,hard,48.36,0.33
STU_0692,kinesthetic,advanced,medium,65.46,0.743
STU_0693,reading_writing,beginner,hard,46.83,0.873
STU_0694,reading_writing,intermediate,medium,53.15,0.919
STU_0695,visual,advanced,easy,34.47,0.728
STU_0696,auditory,intermediate,medium,35.06,0.588
STU_0697,reading_writing,intermediate,easy,26.34,0.846
STU_0698,kinesthetic,advanced,easy,34.61,0.492
STU_0699,kinesthetic,advanced,medium,40.58,0.767
STU_0700,kinesthetic,intermediate,easy,63.72,0.367
STU_0701,kinesthetic,advanced,hard,32.47,0.711
STU_0702,visual,intermediate,easy,77.18,0.418
STU_0703,reading_writing,beginner,medium,54.51,0.452
STU_0704,reading_writing,beginner,easy,51.21,0.367
STU_0705,visual,beginner,medium,45.66,0.725
STU_0706,reading_writing,advanced,medium,42.79,0.683
STU_0707,auditory,beginner,medium,36.64,0.716
STU_0708,kinesthetic,beginner,easy,24.45,0.648
STU_0709,reading_writing,advanced,medium,32.94,0.6
STU_0710,reading_writing,intermediate,medium,69.59,0.802
STU_0711,visual,beginner,medium,53.53,0.492
STU_0712,reading_writing,beginner,easy,69.43,0.356
STU_0713,kinesthetic,beginner,easy,36.27,0.459
STU_0714,kinesthetic,intermediate,hard,29.78,0.548
STU_0715,reading_writing,intermediate,hard,45.51,0.347
STU_0716,visual,beginner,medium,33.45,0.86
STU_0717,auditory,intermediate,hard,48.51,0.916
STU_0718,kinesthetic,intermediate,medium,21.66,0.756
STU_0719,visual,intermediate,easy,15.09,0.533
STU_0720,auditory,intermediate,hard,50.61,0.769
STU_0721,kinesthetic,beginner,medium,70.09,0.626
STU_0722,reading_writing,advanced,medium,51.29,0.342
STU_0723,visual,beginner,easy,53.37,0.423
STU_0724,reading_writing,intermediate,medium,46.14,0.783
STU_0725,kinesthetic,beginner,easy,47.54,0.368
STU_0726,reading_writing,advanced,easy,23.79,0.615
STU_0727,visual,beginner,easy,33.97,0.765
STU_0728,kinesthetic,intermediate,hard,63.54,0.857
STU_0729,reading_writing,beginner,hard,28.62,0.995
STU_0730,auditory,intermediate,hard,40.25,0.949
STU_0731,kinesthetic,beginner,medium,63.2,0.665
STU_0732,kinesthetic,advanced,medium,47.13,0.737
STU_0733,reading_writing,advanced,hard,47.88,0.389
STU_0734,kinesthetic,intermediate,easy,40.36,0.878
STU_0735,kinesthetic,intermediate,hard,55.62,0.325
STU_0736,visual,intermediate,hard,59.35,0.512
STU_0737,kinesthetic,advanced,hard,33.21,0.361
STU_0738,visual,advanced,medium,25.03,0.956
STU_0739,kinesthetic,advanced,hard,17.46,0.578
STU_0740,auditory,advanced,easy,52.62,0.613
STU_0741,reading_writing,beginner,hard,50.83,0.944
STU_0742,reading_writing,beginner,hard,82.39,0.648
STU_0743,auditory,beginner,hard,46.23,0.566
STU_0744,visual,beginner,easy,43.52,0.915
STU_0745,reading_writing,intermediate,medium,49.01,0.853
STU_0746,auditory,intermediate,hard,49.83,0.513
STU_0747,auditory,intermediate,hard,42.38,0.421
STU_0748,reading_writing,advanced,hard,33.66,0.786
STU_0749,visual,advanced,easy,45.42,0.749
STU_0750,auditory,advanced,medium,44.86,0.876
STU_0751,reading_writing,advanced,medium,44.62,0.724
STU_0752,kinesthetic,beginner,medium,57.27,0.835
STU_0753,kinesthetic,advanced,medium,45.16,0.579
STU_0754,kinesthetic,advanced,medium,25.32,0.402
STU_0755,auditory,beginner,medium,35.86,0.318
STU_0756,kinesthetic,beginner,medium,42.2,0.395
STU_0757,kinesthetic,advanced,easy,45.85,0.976
STU_0758,reading_writing,intermediate,medium,52.95,0.603
STU_0759,kinesthetic,advanced,hard,45.97,0.608
STU_0760,kinesthetic,intermediate,easy,15.37,0.374
STU_0761,reading_writing,intermediate,medium,26.85,0.734
STU_0762,auditory,intermediate,easy,54.0,0.755
STU_0763,kinesthetic,advanced,easy,41.8,0.341
STU_0764,kinesthetic,intermediate,hard,67.36,0.996
STU_0765,kinesthetic,advanced,medium,47.23,0.989
STU_0766,auditory,beginner,hard,39.94,0.467
STU_0767,kinesthetic,advanced,hard,35.8,0.785
STU_0768,kinesthetic,beginner,easy,40.46,0.344
STU_0769,auditory,beginner,easy,47.41,0.87
STU_0770,auditory,advanced,easy,45.05,0.731
STU_0771,visual,beginner,medium,59.24,0.669
STU_0772,kinesthetic,advanced,medium,22.73,0.598
STU_0773,visual,advanced,easy,24.5,0.557
STU_0774,visual,advanced,easy,41.63,0.59
STU_0775,reading_writing,advanced,medium,53.12,0.839
STU_0776,reading_writing,advanced,easy,56.39,0.308
STU_0777,kinesthetic,intermediate,medium,36.35,0.313
STU_0778,visual,beginner,hard,6.13,0.482
STU_0779,auditory,advanced,hard,36.81,0.675
STU_0780,visual,beginner,medium,50.88,0.451
STU_0781,auditory,beginner,medium,44.77,0.377
STU_0782,reading_writing,beginner,hard,53.69,0.684
STU_0783,kinesthetic,beginner,easy,62.95,0.369
STU_0784,kinesthetic,advanced,hard,42.62,0.642
STU_0785,visual,intermediate,medium,38.35,0.816
STU_0786,reading_writing,advanced,hard,31.73,0.633
STU_0787,reading_writing,beginner,hard,24.42,0.622
STU_0788,reading_writing,intermediate,easy,20.8,0.85
STU_0789,visual,intermediate,easy,34.96,0.782
STU_0790,reading_writing,advanced,medium,60.6,0.606
STU_0791,auditory,beginner,hard,55.17,0.327
STU_0792,kinesthetic,intermediate,hard,37.68,0.931
STU_0793,auditory,beginner,hard,77.36,0.762
STU_0794,reading_writing,intermediate,hard,35.91,0.927
STU_0795,kinesthetic,beginner,medium,64.53,0.347
STU_0796,visual,beginner,easy,68.42,0.663
STU_0797,reading_writing,intermediate,easy,51.9,0.659
STU_0798,visual,intermediate,medium,34.83,0.776
STU_0799,auditory,intermediate,medium,39.52,0.35
STU_0800,kinesthetic,intermediate,hard,47.77,0.308
STU_0801,visual,intermediate,hard,24.79,0.545
STU_0802,kinesthetic,advanced,easy,30.43,0.842
STU_0803,visual,advanced,easy,29.3,0.422
STU_0804,reading_writing,intermediate,easy,53.05,0.369
STU_0805,reading_writing,advanced,hard,62.79,0.486
STU_0806,kinesthetic,advanced,easy,55.78,0.315
STU_0807,kinesthetic,intermediate,hard,59.94,0.737
STU_0808,auditory,beginner,easy,33.65,0.567
STU_0809,reading_writing,beginner,medium,40.16,0.731
STU_0810,kinesthetic,intermediate,hard,41.24,0.842
STU_0811,reading_writing,advanced,hard,51.84,0.329
STU_0812,auditory,beginner,hard,77.48,0.978
STU_0813,visual,advanced,medium,35.35,0.986
STU_0814,kinesthetic,beginner,hard,58.92,0.721
STU_0815,visual,beginner,hard,67.93,0.868
STU_0816,auditory,advanced,hard,52.62,0.76
STU_0817,auditory,beginner,medium,39.53,0.95
STU_0818,reading_writing,beginner,hard,32.41,0.457
STU_0819,auditory,advanced,hard,29.33,0.608
STU_0820,reading_writing,beginner,hard,15.5,0.729
STU_0821,reading_writing,beginner,medium,41.68,0.921
STU_0822,auditory,advanced,medium,40.85,0.752
STU_0823,reading_writing,advanced,easy,57.91,0.903
STU_0824,reading_writing,advanced,medium,36.25,0.893
STU_0825,visual,intermediate,medium,42.49,0.829
STU_0826,visual,advanced,easy,49.24,0.622
STU_0827,visual,beginner,medium,52.36,0.844
STU_0828,kinesthetic,advanced,easy,56.02,0.759
STU_0829,visual,beginner,medium,47.72,0.989
STU_0830,visual,intermediate,medium,25.55,0.956
STU_0831,auditory,beginner,hard,51.0,0.872
STU_0832,reading_writing,intermediate,medium,35.23,0.449
STU_0833,reading_writing,intermediate,medium,63.57,0.813
STU_0834,visual,advanced,hard,45.32,0.68
STU_0835,auditory,advanced,medium,48.61,0.508
STU_0836,visual,beginner,hard,84.03,0.696
STU_0837,reading_writing,advanced,easy,56.3,0.745
STU_0838,auditory,beginner,easy,50.72,0.833
STU_0839,kinesthetic,intermediate,hard,42.92,0.307
STU_0840,reading_writing,advanced,medium,26.64,0.473
STU_0841,auditory,beginner,medium,41.86,0.86
STU_0842,kinesthetic,beginner,medium,32.24,0.443
STU_0843,auditory,advanced,easy,70.05,0.731
STU_0844,visual,advanced,medium,50.92,0.432
STU_0845,visual,beginner,easy,62.95,0.688
STU_0846,visual,beginner,hard,35.85,0.304
STU_0847,visual,intermediate,hard,33.23,0.971
STU_0848,visual,beginner,hard,54.72,0.558
STU_0849,visual,intermediate,medium,31.69,0.514
STU_0850,auditory,advanced,easy,38.44,0.914
STU_0851,visual,beginner,hard,70.9,0.92
STU_0852,kinesthetic,beginner,hard,39.01,0.715
STU_0853,kinesthetic,advanced,hard,23.72,0.787
STU_0854,kinesthetic,beginner,medium,18.59,0.302
STU_0855,auditory,advanced,hard,22.12,0.856
STU_0856,auditory,intermediate,medium,63.94,0.365
STU_0857,kinesthetic,beginner,hard,36.72,0.75
STU_0858,auditory,advanced,hard,83.37,0.345
STU_0859,reading_writing,advanced,medium,68.13,0.692
STU_0860,visual,intermediate,hard,75.09,0.722
STU_0861,reading_writing,advanced,medium,60.36,0.489
STU_0862,reading_writing,intermediate,easy,53.89,0.878
STU_0863,kinesthetic,intermediate,easy,32.73,0.341
STU_0864,reading_writing,beginner,easy,44.95,0.534
STU_0865,kinesthetic,advanced,easy,55.45,0.852
STU_0866,reading_writing,beginner,hard,59.33,0.662
STU_0867,reading_writing,intermediate,hard,27.87,0.53
STU_0868,auditory,intermediate,easy,42.1,0.604
STU_0869,kinesthetic,beginner,medium,43.76,0.719
STU_0870,visual,intermediate,medium,43.17,0.815
STU_0871,visual,advanced,hard,29.64,0.745
STU_0872,auditory,beginner,medium,72.81,0.85
STU_0873,reading_writing,advanced,hard,41.6,0.888
STU_0874,visual,beginner,easy,30.61,0.569
STU_0875,auditory,intermediate,easy,73.27,0.429
STU_0876,kinesthetic,intermediate,easy,68.15,0.554
STU_0877,auditory,beginner,hard,47.11,0.509
STU_0878,visual,advanced,medium,18.47,0.958
STU_0879,auditory,advanced,hard,38.01,0.911
STU_0880,auditory,intermediate,easy,21.08,0.889
STU_0881,kinesthetic,intermediate,medium,52.7,0.621
STU_0882,reading_writing,advanced,hard,37.01,0.638
STU_0883,kinesthetic,intermediate,medium,44.59,0.606
STU_0884,kinesthetic,advanced,medium,71.58,0.811
STU_0885,reading_writing,beginner,hard,35.97,0.727
STU_0886,reading_writing,intermediate,easy,52.03,0.395
STU_0887,kinesthetic,intermediate,medium,56.49,0.97
STU_0888,visual,advanced,easy,63.4,0.348
STU_0889,auditory,beginner,medium,43.5,0.483
STU_0890,reading_writing,intermediate,easy,41.94,0.473
STU_0891,auditory,intermediate,easy,41.6,0.49
STU_0892,reading_writing,advanced,easy,50.51,0.832
STU_0893,reading_writing,advanced,hard,67.39,0.346
STU_0894,kinesthetic,intermediate,medium,40.93,0.641
STU_0895,reading_writing,intermediate,easy,8.64,0.543
STU_0896,kinesthetic,beginner,easy,58.26,0.93
STU_0897,reading_writing,beginner,hard,46.0,0.956
STU_0898,visual,advanced,easy,52.74,0.337
STU_0899,visual,advanced,easy,21.56,0.812
STU_0900,visual,intermediate,easy,37.06,0.987
STU_0901,auditory,beginner,hard,56.91,0.439
STU_0902,auditory,beginner,easy,26.19,0.696
STU_0903,reading_writing,intermediate,easy,52.0,0.726
STU_0904,reading_writing,advanced,medium,44.47,0.545
STU_0905,visual,beginner,hard,33.98,0.895
STU_0906,reading_writing,beginner,easy,32.85,0.693
STU_0907,kinesthetic,advanced,medium,29.76,0.902
STU_0908,visual,advanced,hard,45.93,0.806
STU_0909,reading_writing,beginner,easy,47.65,0.68
STU_0910,visual,advanced,easy,39.49,0.357
STU_0911,auditory,beginner,hard,28.92,0.416
STU_0912,kinesthetic,intermediate,medium,1.18,0.962
STU_0913,reading_writing,beginner,medium,51.55,0.624
STU_0914,reading_writing,intermediate,hard,58.56,0.588
STU_0915,auditory,advanced,easy,54.29,0.344
STU_0916,kinesthetic,advanced,easy,75.86,0.659
STU_0917,visual,beginner,medium,42.26,0.336
STU_0918,reading_writing,intermediate,hard,65.62,0.85
STU_0919,reading_writing,beginner,hard,35.31,0.415
STU_0920,visual,advanced,easy,33.01,0.531
STU_0921,visual,intermediate,medium,46.84,0.443
STU_0922,kinesthetic,advanced,easy,69.37,0.914
STU_0923,visual,beginner,easy,40.62,0.989
STU_0924,reading_writing,intermediate,easy,21.55,0.84
STU_0925,visual,advanced,medium,58.25,0.677
STU_0926,visual,beginner,medium,43.83,0.648
STU_0927,visual,beginner,hard,49.48,0.875
STU_0928,auditory,advanced,medium,33.72,0.566
STU_0929,visual,intermediate,easy,46.7,0.501
STU_0930,auditory,advanced,medium,23.43,0.855
STU_0931,kinesthetic,intermediate,hard,73.1,0.859
STU_0932,auditory,advanced,hard,61.2,0.577
STU_0933,visual,advanced,hard,46.02,0.411
STU_0934,kinesthetic,beginner,easy,57.79,0.787
STU_0935,reading_writing,beginner,easy,35.35,0.9
STU_0936,kinesthetic,advanced,hard,60.45,0.934
STU_0937,reading_writing,intermediate,easy,39.98,0.429
STU_0938,kinesthetic,intermediate,medium,38.95,0.926
STU_0939,auditory,intermediate,hard,30.67,0.608
STU_0940,reading_writing,intermediate,easy,51.35,0.731
STU_0941,reading_writing,beginner,hard,45.36,0.977
STU_0942,kinesthetic,beginner,hard,66.18,0.592
STU_0943,visual,beginner,medium,29.06,0.917
STU_0944,auditory,intermediate,hard,51.42,0.599
STU_0945,auditory,advanced,medium,62.81,0.804
STU_0946,kinesthetic,intermediate,easy,83.84,0.923
STU_0947,visual,beginner,medium,47.92,0.431
STU_0948,reading_writing,intermediate,medium,39.7,0.901
STU_0949,visual,beginner,easy,47.53,0.797
STU_0950,auditory,intermediate,medium,64.76,0.52
STU_0951,reading_writing,beginner,easy,64.76,0.621
STU_0952,visual,intermediate,hard,43.23,0.55
STU_0953,visual,advanced,hard,64.45,0.535
STU_0954,kinesthetic,intermediate,easy,44.66,0.422
STU_0955,kinesthetic,intermediate,medium,57.61,0.37
STU_0956,visual,advanced,hard,53.2,0.468
STU_0957,auditory,advanced,hard,39.12,0.615
STU_0958,auditory,advanced,medium,31.16,0.824
STU_0959,auditory,beginner,medium,63.26,0.547
STU_0960,kinesthetic,intermediate,medium,67.82,0.889
STU_0961,auditory,beginner,easy,51.06,0.744
STU_0962,reading_writing,intermediate,medium,44.64,0.388
STU_0963,kinesthetic,intermediate,easy,27.31,0.78
STU_0964,kinesthetic,intermediate,easy,62.82,0.349
STU_0965,reading_writing,advanced,hard,49.25,0.459
STU_0966,auditory,intermediate,easy,41.12,0.886
STU_0967,auditory,intermediate,easy,58.07,0.786
STU_0968,reading_writing,intermediate,hard,24.81,0.659
STU_0969,reading_writing,intermediate,medium,30.0,0.323
STU_0970,kinesthetic,intermediate,hard,34.83,0.513
STU_0971,auditory,intermediate,medium,52.71,0.91
STU_0972,auditory,intermediate,medium,47.69,0.836
STU_0973,auditory,intermediate,medium,54.52,0.482
STU_0974,kinesthetic,advanced,hard,61.65,0.935
STU_0975,reading_writing,advanced,easy,55.09,0.378
STU_0976,kinesthetic,intermediate,medium,73.5,0.613
STU_0977,reading_writing,intermediate,easy,61.61,0.683
STU_0978,auditory,advanced,hard,43.19,0.566
STU_0979,auditory,advanced,hard,36.97,0.818
STU_0980,visual,advanced,medium,43.64,0.943
STU_0981,auditory,intermediate,medium,55.64,0.505
STU_0982,visual,intermediate,hard,38.47,0.938
STU_0983,reading_writing,beginner,hard,56.08,0.313
STU_0984,kinesthetic,beginner,medium,54.23,0.974
STU_0985,auditory,advanced,medium,30.97,0.881
STU_0986,reading_writing,beginner,medium,61.29,0.497
STU_0987,reading_writing,advanced,medium,50.51,0.368
STU_0988,reading_writing,advanced,easy,72.57,0.469
STU_0989,kinesthetic,advanced,hard,44.71,0.511
STU_0990,visual,beginner,easy,40.45,0.719
STU_0991,kinesthetic,beginner,hard,29.19,0.82
STU_0992,visual,advanced,hard,28.98,0.334
STU_0993,reading_writing,intermediate,medium,59.25,0.925
STU_0994,visual,beginner,easy,70.66,0.43
STU_0995,kinesthetic,beginner,hard,43.43,0.856
STU_0996,auditory,intermediate,medium,42.47,0.324
STU_0997,reading_writing,intermediate,hard,46.05,0.345
STU_0998,auditory,intermediate,easy,62.43,0.882
STU_0999,reading_writing,beginner,medium,31.09,0.366
STU_1000,reading_writing,beginner,easy,48.58,0.937
